,mean,SD
Total,72.6047619,10.01142857
1,73.38333333,11.06666667
2,69.61111111,10.64814815
3,73.27380952,10.45238095
4,77.41666667,12.33333333
